customer_id,name,mobile_number,address,city,pincode
1,Customer 1,6816368854,Address 1,Vadodara,408545
2,Customer 2,6349273809,Address 2,Surat,389424
3,Customer 3,6630476744,Address 3,Rajkot,413040
4,Customer 4,6901071733,Address 4,Surat,412994
6,Customer 6,6804404017,Address 6,Bhavnagar,387036
7,Customer 7,6531941228,Address 7,Vadodara,411728
8,Customer 8,6030426475,Address 8,Bhavnagar,416949
9,Customer 9,6674982063,Address 9,Ahmedabad,401586
10,Customer 10,6174437837,Address 10,Vadodara,438563
11,Customer 11,6725271780,Address 11,Ahmedabad,402257
12,Customer 12,6858963464,Address 12,Surat,428599
13,Customer 13,6394744637,Address 13,Ahmedabad,421516
14,Customer 14,6175428859,Address 14,Bhavnagar,426386
15,Customer 15,6533801729,Address 15,Ahmedabad,389014
16,Customer 16,6310892608,Address 16,Surat,432788
17,Customer 17,6418266368,Address 17,Bhavnagar,429445
18,Customer 18,6737491785,Address 18,Vadodara,407905
19,Customer 19,6195736751,Address 19,Ahmedabad,409148
20,Customer 20,6332142738,Address 20,Ahmedabad,384301
21,Customer 21,6905970067,Address 21,Surat,416805
22,Customer 22,6462893916,Address 22,Bhavnagar,422919
23,Customer 23,6167120235,Address 23,Bhavnagar,396381
24,Customer 24,6082482692,Address 24,Vadodara,404425
25,Customer 25,6266202491,Address 25,Surat,396493
26,Customer 26,6159695629,Address 26,Vadodara,395372
27,Customer 27,6381034042,Address 27,Rajkot,405319
28,Customer 28,6418734396,Address 28,Bhavnagar,381332
29,Customer 29,6797139786,Address 29,Rajkot,399467
30,Customer 30,6828233409,Address 30,Surat,408091
31,Customer 31,6271540481,Address 31,Bhavnagar,383924
32,Customer 32,6916180286,Address 32,Bhavnagar,420084
33,Customer 33,6142367778,Address 33,Rajkot,432046
34,Customer 34,6450363128,Address 34,Vadodara,411230
35,Customer 35,6726866584,Address 35,Rajkot,429064
36,Customer 36,6389771003,Address 36,Ahmedabad,417781
37,Customer 37,6435850613,Address 37,Surat,420097
38,Customer 38,6042670128,Address 38,Ahmedabad,418043
39,Customer 39,6750663907,Address 39,Ahmedabad,427335
40,Customer 40,6585088318,Address 40,Surat,430040
41,Customer 41,6552861281,Address 41,Ahmedabad,406467
42,Customer 42,6886271227,Address 42,Vadodara,382689
43,Customer 43,6356337140,Address 43,Surat,419378
44,Customer 44,6334930024,Address 44,Vadodara,429222
45,Customer 45,6474233642,Address 45,Ahmedabad,438286
46,Customer 46,6749591753,Address 46,Surat,425619
47,Customer 47,6778431981,Address 47,Ahmedabad,389758
48,Customer 48,6676277760,Address 48,Vadodara,425657
49,Customer 49,6230602914,Address 49,Bhavnagar,391553
50,Customer 50,6564830318,Address 50,Bhavnagar,387764
51,Customer 51,6814129416,Address 51,Rajkot,391027
52,Customer 52,6994043297,Address 52,Bhavnagar,419597
53,Customer 53,6818865158,Address 53,Vadodara,388180
54,Customer 54,6405411954,Address 54,Bhavnagar,405482
55,Customer 55,6546803706,Address 55,Ahmedabad,439186
56,Customer 56,6439562269,Address 56,Ahmedabad,405066
57,Customer 57,6102867990,Address 57,Vadodara,420225
58,Customer 58,6922156271,Address 58,Ahmedabad,422832
59,Customer 59,6998501334,Address 59,Bhavnagar,386327
60,Customer 60,6754099341,Address 60,Ahmedabad,389838
61,Customer 61,6493716837,Address 61,Surat,417670
62,Customer 62,6005254167,Address 62,Bhavnagar,413290
63,Customer 63,6052002015,Address 63,Ahmedabad,382287
64,Customer 64,6983959221,Address 64,Ahmedabad,410313
65,Customer 65,6506769050,Address 65,Surat,382505
66,Customer 66,6435297315,Address 66,Surat,392064
67,Customer 67,6045115265,Address 67,Rajkot,431335
68,Customer 68,6077912756,Address 68,Surat,381004
69,Customer 69,6674439645,Address 69,Vadodara,400056
70,Customer 70,6623872225,Address 70,Bhavnagar,417116
71,Customer 71,6435038534,Address 71,Surat,417652
72,Customer 72,6199958609,Address 72,Ahmedabad,435396
73,Customer 73,6094686543,Address 73,Surat,398326
74,Customer 74,6090504272,Address 74,Rajkot,399715
75,Customer 75,6095661984,Address 75,Surat,387320
76,Customer 76,6651129011,Address 76,Vadodara,390291
77,Customer 77,6159733343,Address 77,Surat,420266
78,Customer 78,6639450154,Address 78,Surat,428286
79,Customer 79,6675144936,Address 79,Surat,390202
80,Customer 80,6405738155,Address 80,Bhavnagar,433704
81,Customer 81,6125325344,Address 81,Rajkot,428088
82,Customer 82,6059992048,Address 82,Vadodara,407208
83,Customer 83,6747273626,Address 83,Bhavnagar,429135
84,Customer 84,6715350883,Address 84,Rajkot,416884
85,Customer 85,6710334370,Address 85,Vadodara,391874
86,Customer 86,6098085366,Address 86,Rajkot,399254
87,Customer 87,6203472009,Address 87,Ahmedabad,421193
88,Customer 88,6813762877,Address 88,Rajkot,430703
89,Customer 89,6100515910,Address 89,Ahmedabad,397719
90,Customer 90,6372485412,Address 90,Ahmedabad,399654
91,Customer 91,6492268080,Address 91,Bhavnagar,435779
92,Customer 92,6231828771,Address 92,Vadodara,419457
93,Customer 93,6706099287,Address 93,Rajkot,410259
94,Customer 94,6252140461,Address 94,Ahmedabad,409303
95,Customer 95,6509132383,Address 95,Surat,430032
96,Customer 96,6477747880,Address 96,Surat,431155
97,Customer 97,6727245070,Address 97,Surat,399754
98,Customer 98,6569791859,Address 98,Bhavnagar,392910
100,Customer 100,6836576218,Address 100,Vadodara,380247
101,Customer 101,6645850242,Address 101,Surat,435971
102,Customer 102,6723314650,Address 102,Vadodara,424063
103,Customer 103,6262188270,Address 103,Ahmedabad,425826
104,Customer 104,6599893447,Address 104,Surat,399971
105,Customer 105,6705792406,Address 105,Ahmedabad,396683
106,Customer 106,6062941093,Address 106,Rajkot,411215
107,Customer 107,6421219636,Address 107,Bhavnagar,402700
108,Customer 108,6753868520,Address 108,Rajkot,411871
109,Customer 109,6643722330,Address 109,Bhavnagar,428277
110,Customer 110,6705791254,Address 110,Rajkot,384070
111,Customer 111,6992634218,Address 111,Vadodara,407837
112,Customer 112,6810457909,Address 112,Bhavnagar,405381
113,Customer 113,6499196589,Address 113,Vadodara,439866
114,Customer 114,6013853494,Address 114,Rajkot,409870
115,Customer 115,6159224299,Address 115,Bhavnagar,438446
116,Customer 116,6009717453,Address 116,Surat,388833
117,Customer 117,6563889595,Address 117,Ahmedabad,396079
118,Customer 118,6431968984,Address 118,Surat,438341
119,Customer 119,6117377086,Address 119,Bhavnagar,412583
120,Customer 120,6144963644,Address 120,Bhavnagar,438177
121,Customer 121,6589914108,Address 121,Vadodara,416117
122,Customer 122,6549670813,Address 122,Vadodara,429101
123,Customer 123,6074560302,Address 123,Rajkot,389649
124,Customer 124,6856272246,Address 124,Vadodara,427548
125,Customer 125,6975637101,Address 125,Surat,401360
126,Customer 126,6516428641,Address 126,Bhavnagar,417450
127,Customer 127,6370066779,Address 127,Surat,432553
128,Customer 128,6785216483,Address 128,Surat,410908
129,Customer 129,6648731683,Address 129,Bhavnagar,435653
130,Customer 130,6449696469,Address 130,Vadodara,380263
131,Customer 131,6968416074,Address 131,Bhavnagar,420727
132,Customer 132,6786173025,Address 132,Vadodara,384532
133,Customer 133,6414270213,Address 133,Ahmedabad,406866
134,Customer 134,6860779924,Address 134,Vadodara,417742
135,Customer 135,6813388580,Address 135,Rajkot,426153
136,Customer 136,6605712007,Address 136,Ahmedabad,421743
137,Customer 137,6876363837,Address 137,Bhavnagar,398568
138,Customer 138,6179142422,Address 138,Ahmedabad,417408
139,Customer 139,6388234231,Address 139,Vadodara,404198
140,Customer 140,6969040244,Address 140,Vadodara,391713
141,Customer 141,6314151030,Address 141,Ahmedabad,422261
142,Customer 142,6979714633,Address 142,Rajkot,380341
143,Customer 143,6077206239,Address 143,Vadodara,411173
144,Customer 144,6575329762,Address 144,Rajkot,433995
145,Customer 145,6836368700,Address 145,Ahmedabad,416284
146,Customer 146,6154528483,Address 146,Rajkot,422756
147,Customer 147,6213150599,Address 147,Surat,419318
148,Customer 148,6399977207,Address 148,Surat,400484
149,Customer 149,6787502912,Address 149,Surat,380290
150,Customer 150,6356784536,Address 150,Ahmedabad,416976
151,Customer 151,6698282935,Address 151,Ahmedabad,432436
152,Customer 152,6084707611,Address 152,Vadodara,414709
153,Customer 153,6405401117,Address 153,Bhavnagar,419366
154,Customer 154,6848304156,Address 154,Rajkot,414492
155,Customer 155,6430382847,Address 155,Ahmedabad,415400
156,Customer 156,6452612592,Address 156,Rajkot,410857
157,Customer 157,6364591602,Address 157,Surat,421305
158,Customer 158,6980230189,Address 158,Vadodara,396927
159,Customer 159,6831283935,Address 159,Rajkot,392776
160,Customer 160,6412849381,Address 160,Ahmedabad,415964
161,Customer 161,6989809252,Address 161,Vadodara,424385
162,Customer 162,6230663809,Address 162,Bhavnagar,397052
164,Customer 164,6556773776,Address 164,Bhavnagar,389327
165,Customer 165,6492548288,Address 165,Vadodara,437066
166,Customer 166,6011501399,Address 166,Rajkot,411769
167,Customer 167,6498316902,Address 167,Rajkot,430062
168,Customer 168,6482898945,Address 168,Ahmedabad,408447
169,Customer 169,6932324717,Address 169,Bhavnagar,433456
170,Customer 170,6091800006,Address 170,Surat,435353
171,Customer 171,6282997812,Address 171,Surat,437505
172,Customer 172,6132405710,Address 172,Vadodara,392739
173,Customer 173,6561783003,Address 173,Bhavnagar,403283
174,Customer 174,6392182831,Address 174,Ahmedabad,394094
175,Customer 175,6706695736,Address 175,Ahmedabad,401884
176,Customer 176,6875512152,Address 176,Vadodara,417611
177,Customer 177,6856798438,Address 177,Bhavnagar,402023
178,Customer 178,6668468758,Address 178,Ahmedabad,437396
179,Customer 179,6747666640,Address 179,Ahmedabad,394945
180,Customer 180,6835711131,Address 180,Bhavnagar,387190
181,Customer 181,6782452446,Address 181,Bhavnagar,397164
182,Customer 182,6612227834,Address 182,Ahmedabad,384206
183,Customer 183,6552880766,Address 183,Rajkot,436266
184,Customer 184,6625843261,Address 184,Surat,423435
185,Customer 185,6029781161,Address 185,Surat,421605
186,Customer 186,6615855084,Address 186,Ahmedabad,436801
187,Customer 187,6658888368,Address 187,Ahmedabad,403583
188,Customer 188,6972105723,Address 188,Bhavnagar,432787
189,Customer 189,6612585808,Address 189,Bhavnagar,403906
190,Customer 190,6118988074,Address 190,Surat,406319
191,Customer 191,6028201893,Address 191,Vadodara,412139
192,Customer 192,6351520450,Address 192,Rajkot,406211
193,Customer 193,6616867898,Address 193,Ahmedabad,390087
194,Customer 194,6897455121,Address 194,Surat,398329
195,Customer 195,6216393169,Address 195,Bhavnagar,428869
196,Customer 196,6252356780,Address 196,Surat,395768
197,Customer 197,6289563366,Address 197,Ahmedabad,424297
198,Customer 198,6876968203,Address 198,Surat,399021
199,Customer 199,6011556047,Address 199,Ahmedabad,431046
200,Customer 200,6920909827,Address 200,Vadodara,403322
201,Customer 201,6305933715,Address 201,Rajkot,435072
202,Customer 202,6070801250,Address 202,Bhavnagar,431370
203,Customer 203,6761929442,Address 203,Rajkot,402709
204,Customer 204,6142374788,Address 204,Rajkot,437510
205,Customer 205,6006183597,Address 205,Ahmedabad,394252
206,Customer 206,6060656240,Address 206,Ahmedabad,383095
207,Customer 207,6894532053,Address 207,Ahmedabad,393392
208,Customer 208,6186661689,Address 208,Vadodara,402069
209,Customer 209,6548538218,Address 209,Rajkot,436044
210,Customer 210,6116162179,Address 210,Rajkot,433236
211,Customer 211,6454410619,Address 211,Rajkot,392477
212,Customer 212,6540445590,Address 212,Bhavnagar,395889
213,Customer 213,6740216800,Address 213,Vadodara,413695
214,Customer 214,6240011616,Address 214,Ahmedabad,419128
215,Customer 215,6907710572,Address 215,Surat,396485
216,Customer 216,6747204907,Address 216,Surat,435430
217,Customer 217,6015239178,Address 217,Surat,403375
218,Customer 218,6296205178,Address 218,Bhavnagar,432319
219,Customer 219,6998204288,Address 219,Bhavnagar,395851
220,Customer 220,6280049429,Address 220,Bhavnagar,394728
221,Customer 221,6795802710,Address 221,Vadodara,392804
222,Customer 222,6367650458,Address 222,Vadodara,392166
223,Customer 223,6493047478,Address 223,Bhavnagar,414847
224,Customer 224,6248118470,Address 224,Bhavnagar,436084
225,Customer 225,6369396070,Address 225,Surat,393996
226,Customer 226,6685834532,Address 226,Bhavnagar,406205
227,Customer 227,6573444453,Address 227,Surat,395531
228,Customer 228,6496607608,Address 228,Surat,396529
229,Customer 229,6765523595,Address 229,Surat,408975
230,Customer 230,6116255369,Address 230,Ahmedabad,391221
231,Customer 231,6993907169,Address 231,Surat,398384
232,Customer 232,6305073242,Address 232,Vadodara,428773
233,Customer 233,6719098318,Address 233,Bhavnagar,403367
234,Customer 234,6062680055,Address 234,Rajkot,382342
235,Customer 235,6836870208,Address 235,Rajkot,437773
236,Customer 236,6735935871,Address 236,Bhavnagar,387205
237,Customer 237,6586195790,Address 237,Surat,437099
238,Customer 238,6262102031,Address 238,Ahmedabad,413758
239,Customer 239,6130884208,Address 239,Surat,436546
240,Customer 240,6167459762,Address 240,Surat,422714
241,Customer 241,6359601530,Address 241,Bhavnagar,424046
242,Customer 242,6037374705,Address 242,Ahmedabad,435975
243,Customer 243,6864299102,Address 243,Ahmedabad,432432
244,Customer 244,6351545051,Address 244,Surat,438337
245,Customer 245,6379999735,Address 245,Vadodara,409907
246,Customer 246,6182781104,Address 246,Surat,412794
247,Customer 247,6510224548,Address 247,Ahmedabad,410692
248,Customer 248,6679098663,Address 248,Vadodara,383730
249,Customer 249,6754409133,Address 249,Rajkot,427612
250,Customer 250,6000622453,Address 250,Vadodara,402917
251,Customer 251,6698414524,Address 251,Ahmedabad,393041
252,Customer 252,6305775643,Address 252,Surat,426284
253,Customer 253,6319625899,Address 253,Surat,423765
254,Customer 254,6240687736,Address 254,Bhavnagar,385151
255,Customer 255,6676400078,Address 255,Bhavnagar,408091
257,Customer 257,6260615546,Address 257,Vadodara,430377
258,Customer 258,6598342679,Address 258,Bhavnagar,424946
259,Customer 259,6744394183,Address 259,Vadodara,438128
260,Customer 260,6760889709,Address 260,Rajkot,412741
261,Customer 261,6904992726,Address 261,Rajkot,439323
262,Customer 262,6134558315,Address 262,Bhavnagar,383680
263,Customer 263,6818508150,Address 263,Bhavnagar,390860
264,Customer 264,6123643467,Address 264,Ahmedabad,389235
265,Customer 265,6545908329,Address 265,Rajkot,388900
267,Customer 267,6604661039,Address 267,Rajkot,416353
268,Customer 268,6691972513,Address 268,Bhavnagar,381579
269,Customer 269,6506460544,Address 269,Vadodara,380776
270,Customer 270,6477879891,Address 270,Vadodara,387058
271,Customer 271,6098149701,Address 271,Bhavnagar,439701
272,Customer 272,6880393082,Address 272,Vadodara,432590
273,Customer 273,6880477218,Address 273,Vadodara,406335
274,Customer 274,6862384295,Address 274,Rajkot,393316
275,Customer 275,6496851790,Address 275,Vadodara,436350
276,Customer 276,6547968066,Address 276,Rajkot,415914
277,Customer 277,6393122694,Address 277,Ahmedabad,418572
278,Customer 278,6965764729,Address 278,Surat,389654
279,Customer 279,6248864661,Address 279,Vadodara,382122
280,Customer 280,6123944105,Address 280,Vadodara,427571
281,Customer 281,6279101254,Address 281,Vadodara,393139
282,Customer 282,6758577430,Address 282,Vadodara,423422
283,Customer 283,6592397866,Address 283,Bhavnagar,395525
284,Customer 284,6529402967,Address 284,Surat,381180
285,Customer 285,6713132523,Address 285,Ahmedabad,412058
286,Customer 286,6144825096,Address 286,Ahmedabad,423083
287,Customer 287,6863705589,Address 287,Surat,423996
288,Customer 288,6719054522,Address 288,Vadodara,386474
289,Customer 289,6254034350,Address 289,Vadodara,385894
290,Customer 290,6803039531,Address 290,Ahmedabad,431181
291,Customer 291,6586404282,Address 291,Bhavnagar,436798
292,Customer 292,6793804160,Address 292,Vadodara,418330
293,Customer 293,6686116251,Address 293,Bhavnagar,428439
294,Customer 294,6866598898,Address 294,Bhavnagar,403794
295,Customer 295,6420435052,Address 295,Vadodara,408574
296,Customer 296,6622913333,Address 296,Vadodara,388844
297,Customer 297,6255671914,Address 297,Bhavnagar,432963
298,Customer 298,6336326962,Address 298,Ahmedabad,381540
299,Customer 299,6046297111,Address 299,Ahmedabad,438199
300,Customer 300,6137613131,Address 300,Vadodara,400582
301,Customer 301,6250140556,Address 301,Ahmedabad,435509
302,Customer 302,6897828773,Address 302,Ahmedabad,394871
303,Customer 303,6174256955,Address 303,Vadodara,403413
304,Customer 304,6631062391,Address 304,Bhavnagar,429164
305,Customer 305,6436533310,Address 305,Surat,417191
306,Customer 306,6415431318,Address 306,Vadodara,429623
307,Customer 307,6575046799,Address 307,Surat,395591
308,Customer 308,6956768857,Address 308,Bhavnagar,395976
309,Customer 309,6360192337,Address 309,Rajkot,422152
310,Customer 310,6580556585,Address 310,Rajkot,439486
311,Customer 311,6834270422,Address 311,Surat,422913
312,Customer 312,6729258852,Address 312,Surat,414219
313,Customer 313,6648418452,Address 313,Rajkot,392587
314,Customer 314,6784683812,Address 314,Rajkot,416578
315,Customer 315,6699903690,Address 315,Bhavnagar,412197
316,Customer 316,6233414964,Address 316,Surat,431334
317,Customer 317,6183696368,Address 317,Ahmedabad,398250
318,Customer 318,6704157614,Address 318,Bhavnagar,402434
319,Customer 319,6263626350,Address 319,Rajkot,409679
320,Customer 320,6279414335,Address 320,Rajkot,408836
321,Customer 321,6645061511,Address 321,Rajkot,433715
322,Customer 322,6091920579,Address 322,Rajkot,413420
323,Customer 323,6099678242,Address 323,Rajkot,414570
324,Customer 324,6148083656,Address 324,Surat,421836
325,Customer 325,6726397950,Address 325,Surat,436041
326,Customer 326,6274836275,Address 326,Ahmedabad,417724
328,Customer 328,6124357041,Address 328,Ahmedabad,398289
329,Customer 329,6078453507,Address 329,Vadodara,381073
330,Customer 330,6395142710,Address 330,Bhavnagar,393239
331,Customer 331,6641757626,Address 331,Rajkot,386620
332,Customer 332,6392680399,Address 332,Rajkot,382529
333,Customer 333,6754335915,Address 333,Ahmedabad,398843
334,Customer 334,6777133948,Address 334,Vadodara,426333
335,Customer 335,6656446743,Address 335,Ahmedabad,414666
336,Customer 336,6918476233,Address 336,Vadodara,411536
337,Customer 337,6342852987,Address 337,Rajkot,389887
338,Customer 338,6333056087,Address 338,Vadodara,392003
339,Customer 339,6538433268,Address 339,Vadodara,417603
340,Customer 340,6334965462,Address 340,Ahmedabad,432726
341,Customer 341,6293418931,Address 341,Ahmedabad,411528
342,Customer 342,6122840636,Address 342,Vadodara,392487
343,Customer 343,6762385768,Address 343,Vadodara,395613
344,Customer 344,6367951979,Address 344,Surat,433502
345,Customer 345,6236035039,Address 345,Bhavnagar,436219
346,Customer 346,6640777854,Address 346,Rajkot,397016
347,Customer 347,6643802117,Address 347,Vadodara,431947
348,Customer 348,6530586449,Address 348,Bhavnagar,394914
349,Customer 349,6091708511,Address 349,Vadodara,380405
350,Customer 350,6126491154,Address 350,Surat,428127
351,Customer 351,6399995368,Address 351,Vadodara,403509
352,Customer 352,6575255153,Address 352,Rajkot,408144
353,Customer 353,6825827854,Address 353,Ahmedabad,436780
354,Customer 354,6903469661,Address 354,Bhavnagar,388969
355,Customer 355,6689326610,Address 355,Bhavnagar,394428
356,Customer 356,6437146373,Address 356,Ahmedabad,432850
357,Customer 357,6561815411,Address 357,Bhavnagar,383647
358,Customer 358,6254853576,Address 358,Ahmedabad,386847
359,Customer 359,6237341669,Address 359,Bhavnagar,435704
360,Customer 360,6208610565,Address 360,Vadodara,405288
361,Customer 361,6694989012,Address 361,Rajkot,406266
362,Customer 362,6187700490,Address 362,Surat,426486
363,Customer 363,6427788633,Address 363,Ahmedabad,433910
365,Customer 365,6015284140,Address 365,Surat,386663
366,Customer 366,6565102562,Address 366,Rajkot,388327
367,Customer 367,6526153936,Address 367,Vadodara,427060
368,Customer 368,6759353795,Address 368,Surat,406801
369,Customer 369,6080991235,Address 369,Bhavnagar,392282
370,Customer 370,6660305612,Address 370,Vadodara,388940
372,Customer 372,6003684693,Address 372,Vadodara,386891
373,Customer 373,6351213446,Address 373,Rajkot,423527
374,Customer 374,6862902248,Address 374,Rajkot,401564
375,Customer 375,6264765500,Address 375,Surat,382330
376,Customer 376,6134284932,Address 376,Vadodara,410203
377,Customer 377,6291024636,Address 377,Rajkot,422439
378,Customer 378,6034545183,Address 378,Surat,405954
379,Customer 379,6127052337,Address 379,Rajkot,408489
380,Customer 380,6699165380,Address 380,Ahmedabad,420676
381,Customer 381,6436068447,Address 381,Ahmedabad,413125
382,Customer 382,6146230227,Address 382,Bhavnagar,423725
383,Customer 383,6446765447,Address 383,Ahmedabad,401866
384,Customer 384,6416665362,Address 384,Vadodara,424815
385,Customer 385,6789815651,Address 385,Rajkot,437264
386,Customer 386,6674455471,Address 386,Bhavnagar,405268
387,Customer 387,6428917815,Address 387,Vadodara,398487
388,Customer 388,6435539246,Address 388,Surat,428239
389,Customer 389,6117552951,Address 389,Ahmedabad,426614
391,Customer 391,6112474082,Address 391,Surat,391276
392,Customer 392,6540032105,Address 392,Surat,396225
393,Customer 393,6169804829,Address 393,Vadodara,430194
394,Customer 394,6813829159,Address 394,Surat,404780
395,Customer 395,6370332638,Address 395,Surat,391175
396,Customer 396,6863726971,Address 396,Surat,431780
397,Customer 397,6659926169,Address 397,Surat,416967
398,Customer 398,6587598665,Address 398,Surat,425624
399,Customer 399,6398148008,Address 399,Rajkot,402992
400,Customer 400,6816617298,Address 400,Vadodara,418344
401,Customer 401,6675629353,Address 401,Rajkot,431577
402,Customer 402,6169365773,Address 402,Bhavnagar,436966
403,Customer 403,6549512681,Address 403,Rajkot,434877
404,Customer 404,6995238185,Address 404,Bhavnagar,385702
405,Customer 405,6487137072,Address 405,Ahmedabad,418329
406,Customer 406,6125194326,Address 406,Bhavnagar,431292
407,Customer 407,6729312362,Address 407,Ahmedabad,431355
408,Customer 408,6304981779,Address 408,Ahmedabad,381486
409,Customer 409,6297462741,Address 409,Surat,384964
410,Customer 410,6641362510,Address 410,Vadodara,413637
411,Customer 411,6218818560,Address 411,Bhavnagar,390756
412,Customer 412,6888010485,Address 412,Bhavnagar,437359
413,Customer 413,6352639916,Address 413,Bhavnagar,407578
414,Customer 414,6566615956,Address 414,Bhavnagar,416677
415,Customer 415,6248486500,Address 415,Surat,428513
416,Customer 416,6327953074,Address 416,Rajkot,392586
417,Customer 417,6770849363,Address 417,Surat,405515
418,Customer 418,6908061178,Address 418,Vadodara,382199
419,Customer 419,6467857586,Address 419,Vadodara,422510
420,Customer 420,6362126547,Address 420,Vadodara,415469
421,Customer 421,6177369185,Address 421,Rajkot,428007
422,Customer 422,6371567298,Address 422,Surat,423891
423,Customer 423,6798129616,Address 423,Bhavnagar,388369
424,Customer 424,6737891248,Address 424,Ahmedabad,431800
425,Customer 425,6848625114,Address 425,Bhavnagar,400377
426,Customer 426,6641926706,Address 426,Ahmedabad,436451
427,Customer 427,6057737860,Address 427,Bhavnagar,392914
428,Customer 428,6779024054,Address 428,Surat,408835
429,Customer 429,6831581348,Address 429,Ahmedabad,430168
431,Customer 431,6329074485,Address 431,Rajkot,439120
432,Customer 432,6178997099,Address 432,Ahmedabad,407004
433,Customer 433,6457176214,Address 433,Rajkot,402152
435,Customer 435,6942681459,Address 435,Surat,405024
436,Customer 436,6735326420,Address 436,Bhavnagar,393170
437,Customer 437,6165372764,Address 437,Ahmedabad,439656
438,Customer 438,6869705816,Address 438,Surat,390444
439,Customer 439,6833633752,Address 439,Vadodara,390171
440,Customer 440,6786479057,Address 440,Bhavnagar,409255
441,Customer 441,6562728131,Address 441,Bhavnagar,395746
442,Customer 442,6765617035,Address 442,Rajkot,414841
443,Customer 443,6501419526,Address 443,Ahmedabad,387702
444,Customer 444,6107025025,Address 444,Rajkot,421859
445,Customer 445,6538899437,Address 445,Ahmedabad,405330
446,Customer 446,6605536105,Address 446,Vadodara,431791
447,Customer 447,6098572535,Address 447,Vadodara,397495
448,Customer 448,6873823989,Address 448,Ahmedabad,382751
449,Customer 449,6783489164,Address 449,Ahmedabad,388001
450,Customer 450,6634955527,Address 450,Surat,421892
451,Customer 451,6692125445,Address 451,Rajkot,390241
452,Customer 452,6371341895,Address 452,Ahmedabad,408102
453,Customer 453,6587405609,Address 453,Rajkot,412579
454,Customer 454,6945802794,Address 454,Surat,409107
455,Customer 455,6759840163,Address 455,Bhavnagar,397546
456,Customer 456,6547151057,Address 456,Bhavnagar,429903
457,Customer 457,6242779978,Address 457,Rajkot,424069
458,Customer 458,6788265247,Address 458,Vadodara,434672
459,Customer 459,6013380710,Address 459,Bhavnagar,404376
460,Customer 460,6751062985,Address 460,Vadodara,433383
461,Customer 461,6979607217,Address 461,Vadodara,392678
463,Customer 463,6157392353,Address 463,Surat,409618
464,Customer 464,6520694394,Address 464,Bhavnagar,438389
465,Customer 465,6446081445,Address 465,Bhavnagar,437897
466,Customer 466,6168143112,Address 466,Ahmedabad,381468
467,Customer 467,6741291640,Address 467,Surat,384687
468,Customer 468,6397180811,Address 468,Vadodara,396189
469,Customer 469,6215409055,Address 469,Surat,387285
470,Customer 470,6807243501,Address 470,Surat,383070
471,Customer 471,6916774748,Address 471,Vadodara,429521
472,Customer 472,6820372946,Address 472,Vadodara,395405
473,Customer 473,6801786414,Address 473,Ahmedabad,388569
474,Customer 474,6925980825,Address 474,Rajkot,428521
475,Customer 475,6190066822,Address 475,Vadodara,426173
476,Customer 476,6372731372,Address 476,Ahmedabad,434457
477,Customer 477,6653932841,Address 477,Bhavnagar,423874
479,Customer 479,6423547461,Address 479,Vadodara,416399
480,Customer 480,6491171246,Address 480,Vadodara,384512
481,Customer 481,6061100274,Address 481,Ahmedabad,383205
482,Customer 482,6997052278,Address 482,Vadodara,414776
483,Customer 483,6805806431,Address 483,Surat,432257
485,Customer 485,6132483385,Address 485,Ahmedabad,422019
486,Customer 486,6212205300,Address 486,Ahmedabad,421485
487,Customer 487,6746027354,Address 487,Rajkot,381572
488,Customer 488,6463229619,Address 488,Ahmedabad,424623
489,Customer 489,6944742973,Address 489,Rajkot,388133
490,Customer 490,6982617217,Address 490,Rajkot,418443
491,Customer 491,6063813398,Address 491,Surat,399327
492,Customer 492,6780030524,Address 492,Vadodara,422505
493,Customer 493,6558984914,Address 493,Ahmedabad,431747
494,Customer 494,6246333854,Address 494,Bhavnagar,423068
495,Customer 495,6042739202,Address 495,Surat,427651
496,Customer 496,6648795263,Address 496,Rajkot,419421
497,Customer 497,6346090543,Address 497,Rajkot,388641
498,Customer 498,6802188075,Address 498,Rajkot,437023
499,Customer 499,6150162273,Address 499,Surat,397132
501,Customer 501,6503750466,Address 501,Vadodara,419273
502,Customer 502,6801557955,Address 502,Bhavnagar,383375
503,Customer 503,6839005099,Address 503,Vadodara,417035
504,Customer 504,6721920898,Address 504,Rajkot,431559
505,Customer 505,6208106704,Address 505,Bhavnagar,394384
506,Customer 506,6009976296,Address 506,Surat,392446
507,Customer 507,6842795020,Address 507,Rajkot,414893
508,Customer 508,6565035923,Address 508,Rajkot,404080
509,Customer 509,6833535911,Address 509,Ahmedabad,392425
510,Customer 510,6183411194,Address 510,Rajkot,434816
511,Customer 511,6090284445,Address 511,Bhavnagar,431888
512,Customer 512,6273029586,Address 512,Ahmedabad,389153
513,Customer 513,6454531647,Address 513,Bhavnagar,414785
514,Customer 514,6823545107,Address 514,Bhavnagar,387274
515,Customer 515,6956212042,Address 515,Vadodara,416665
516,Customer 516,6789866125,Address 516,Surat,412251
517,Customer 517,6343692934,Address 517,Ahmedabad,392538
518,Customer 518,6264234350,Address 518,Surat,435041
519,Customer 519,6286117048,Address 519,Ahmedabad,398738
520,Customer 520,6674461932,Address 520,Bhavnagar,392007
521,Customer 521,6567066789,Address 521,Ahmedabad,427644
522,Customer 522,6432248298,Address 522,Bhavnagar,428719
523,Customer 523,6188403238,Address 523,Rajkot,405756
524,Customer 524,6440140557,Address 524,Surat,391042
525,Customer 525,6693261007,Address 525,Ahmedabad,435673
526,Customer 526,6541493156,Address 526,Rajkot,434360
527,Customer 527,6676610049,Address 527,Rajkot,409182
528,Customer 528,6653128853,Address 528,Surat,405203
529,Customer 529,6661790120,Address 529,Ahmedabad,420176
530,Customer 530,6722115563,Address 530,Bhavnagar,432840
532,Customer 532,6301833456,Address 532,Surat,435379
533,Customer 533,6090353966,Address 533,Ahmedabad,431339
534,Customer 534,6684731686,Address 534,Vadodara,414267
535,Customer 535,6997618618,Address 535,Bhavnagar,392037
537,Customer 537,6331908416,Address 537,Surat,420753
538,Customer 538,6369180778,Address 538,Surat,383130
539,Customer 539,6354157420,Address 539,Surat,398930
540,Customer 540,6802140437,Address 540,Bhavnagar,390037
542,Customer 542,6142647382,Address 542,Bhavnagar,421881
543,Customer 543,6669683601,Address 543,Bhavnagar,420017
544,Customer 544,6635129171,Address 544,Ahmedabad,435894
545,Customer 545,6243126705,Address 545,Ahmedabad,422169
546,Customer 546,6949869708,Address 546,Ahmedabad,434655
549,Customer 549,6414951653,Address 549,Ahmedabad,385318
550,Customer 550,6933410876,Address 550,Ahmedabad,404396
551,Customer 551,6257499806,Address 551,Ahmedabad,421592
552,Customer 552,6440866634,Address 552,Ahmedabad,419698
553,Customer 553,6792899434,Address 553,Bhavnagar,407309
554,Customer 554,6551294318,Address 554,Rajkot,419578
555,Customer 555,6222980341,Address 555,Surat,424937
556,Customer 556,6533334319,Address 556,Ahmedabad,381159
557,Customer 557,6249049027,Address 557,Bhavnagar,419678
558,Customer 558,6542345424,Address 558,Bhavnagar,412520
559,Customer 559,6782868413,Address 559,Bhavnagar,414371
560,Customer 560,6077867282,Address 560,Surat,383036
561,Customer 561,6452463440,Address 561,Ahmedabad,412975
562,Customer 562,6361508118,Address 562,Bhavnagar,423771
564,Customer 564,6809067625,Address 564,Rajkot,426397
565,Customer 565,6224267371,Address 565,Ahmedabad,433518
566,Customer 566,6160480094,Address 566,Rajkot,397188
568,Customer 568,6617275754,Address 568,Vadodara,437189
569,Customer 569,6027225189,Address 569,Vadodara,396396
570,Customer 570,6028423628,Address 570,Bhavnagar,409925
572,Customer 572,6173743283,Address 572,Bhavnagar,408997
573,Customer 573,6286698227,Address 573,Rajkot,420512
574,Customer 574,6035763739,Address 574,Surat,387191
575,Customer 575,6161400147,Address 575,Ahmedabad,413930
576,Customer 576,6973844759,Address 576,Vadodara,400283
577,Customer 577,6384740930,Address 577,Rajkot,393830
578,Customer 578,6184194668,Address 578,Vadodara,404618
579,Customer 579,6036960083,Address 579,Rajkot,397122
580,Customer 580,6929046901,Address 580,Rajkot,391421
581,Customer 581,6795931479,Address 581,Rajkot,407623
582,Customer 582,6004815725,Address 582,Vadodara,432630
583,Customer 583,6212476375,Address 583,Ahmedabad,433743
584,Customer 584,6038864668,Address 584,Bhavnagar,436165
585,Customer 585,6507500611,Address 585,Ahmedabad,390196
586,Customer 586,6472423637,Address 586,Bhavnagar,388636
587,Customer 587,6013902120,Address 587,Surat,415066
588,Customer 588,6970430274,Address 588,Rajkot,382940
589,Customer 589,6098804947,Address 589,Bhavnagar,381587
590,Customer 590,6110588410,Address 590,Ahmedabad,403856
591,Customer 591,6877189047,Address 591,Rajkot,424687
592,Customer 592,6684463377,Address 592,Rajkot,438217
593,Customer 593,6307188671,Address 593,Surat,403415
594,Customer 594,6805069012,Address 594,Vadodara,399118
595,Customer 595,6719290490,Address 595,Surat,399093
596,Customer 596,6549324735,Address 596,Bhavnagar,432952
597,Customer 597,6360278954,Address 597,Rajkot,385400
598,Customer 598,6301337358,Address 598,Rajkot,432642
600,Customer 600,6930800313,Address 600,Ahmedabad,419109
601,Customer 601,6369206021,Address 601,Bhavnagar,386020
602,Customer 602,6383793294,Address 602,Ahmedabad,418682
604,Customer 604,6068162564,Address 604,Surat,410804
605,Customer 605,6824956277,Address 605,Bhavnagar,414754
606,Customer 606,6414711925,Address 606,Bhavnagar,413904
607,Customer 607,6260347522,Address 607,Vadodara,395761
608,Customer 608,6397949573,Address 608,Bhavnagar,428338
609,Customer 609,6289601624,Address 609,Bhavnagar,395117
611,Customer 611,6010346179,Address 611,Vadodara,418865
612,Customer 612,6348538157,Address 612,Surat,403806
613,Customer 613,6289085612,Address 613,Rajkot,425047
614,Customer 614,6837042837,Address 614,Rajkot,401278
615,Customer 615,6489660993,Address 615,Vadodara,401395
617,Customer 617,6703579337,Address 617,Vadodara,422716
618,Customer 618,6358257189,Address 618,Ahmedabad,391904
619,Customer 619,6766153634,Address 619,Rajkot,407365
620,Customer 620,6384794933,Address 620,Surat,432118
621,Customer 621,6001229737,Address 621,Surat,399615
622,Customer 622,6893894993,Address 622,Bhavnagar,424583
623,Customer 623,6785396660,Address 623,Ahmedabad,435616
624,Customer 624,6752352329,Address 624,Bhavnagar,387866
625,Customer 625,6088287920,Address 625,Vadodara,385952
627,Customer 627,6424091436,Address 627,Bhavnagar,429502
628,Customer 628,6950591101,Address 628,Vadodara,432017
629,Customer 629,6600674965,Address 629,Vadodara,382395
630,Customer 630,6816179120,Address 630,Vadodara,416237
631,Customer 631,6823270277,Address 631,Ahmedabad,419873
632,Customer 632,6360613172,Address 632,Vadodara,395033
633,Customer 633,6646065718,Address 633,Surat,392949
634,Customer 634,6072943962,Address 634,Surat,393207
635,Customer 635,6662086656,Address 635,Rajkot,388817
636,Customer 636,6787676618,Address 636,Surat,434569
637,Customer 637,6431373139,Address 637,Surat,417263
638,Customer 638,6812916497,Address 638,Surat,385413
639,Customer 639,6291006423,Address 639,Ahmedabad,397005
641,Customer 641,6943064667,Address 641,Vadodara,406740
642,Customer 642,6551931175,Address 642,Rajkot,421117
643,Customer 643,6388044878,Address 643,Bhavnagar,390243
644,Customer 644,6824561276,Address 644,Surat,438228
645,Customer 645,6149631166,Address 645,Rajkot,432443
646,Customer 646,6815822650,Address 646,Vadodara,387598
647,Customer 647,6985839935,Address 647,Surat,390683
648,Customer 648,6869233620,Address 648,Rajkot,399592
649,Customer 649,6479446738,Address 649,Vadodara,417163
650,Customer 650,6113990013,Address 650,Vadodara,383816
651,Customer 651,6491519396,Address 651,Vadodara,380181
652,Customer 652,6028839132,Address 652,Vadodara,385246
653,Customer 653,6651586560,Address 653,Bhavnagar,412066
654,Customer 654,6337280674,Address 654,Surat,435756
655,Customer 655,6527096619,Address 655,Surat,386936
656,Customer 656,6723083272,Address 656,Vadodara,406498
657,Customer 657,6457692751,Address 657,Ahmedabad,387175
658,Customer 658,6840750971,Address 658,Ahmedabad,414838
659,Customer 659,6761674231,Address 659,Surat,416626
660,Customer 660,6165027341,Address 660,Ahmedabad,423700
661,Customer 661,6714099223,Address 661,Bhavnagar,389445
662,Customer 662,6532726458,Address 662,Vadodara,400057
663,Customer 663,6355346638,Address 663,Vadodara,398912
664,Customer 664,6221718651,Address 664,Rajkot,432731
665,Customer 665,6547921795,Address 665,Vadodara,391888
666,Customer 666,6454673102,Address 666,Bhavnagar,437784
667,Customer 667,6870680542,Address 667,Rajkot,412709
668,Customer 668,6488342004,Address 668,Rajkot,397464
669,Customer 669,6168550583,Address 669,Surat,403235
670,Customer 670,6200314893,Address 670,Surat,414114
671,Customer 671,6212464407,Address 671,Vadodara,407062
672,Customer 672,6786436270,Address 672,Ahmedabad,397430
673,Customer 673,6197156889,Address 673,Vadodara,389745
674,Customer 674,6253070653,Address 674,Vadodara,404065
675,Customer 675,6628177258,Address 675,Vadodara,422475
676,Customer 676,6021959284,Address 676,Bhavnagar,406069
677,Customer 677,6253908190,Address 677,Vadodara,428100
678,Customer 678,6652718412,Address 678,Rajkot,398348
679,Customer 679,6727307966,Address 679,Surat,432839
682,Customer 682,6017168499,Address 682,Ahmedabad,426578
683,Customer 683,6832884728,Address 683,Ahmedabad,394022
684,Customer 684,6129082321,Address 684,Ahmedabad,433309
685,Customer 685,6049449589,Address 685,Rajkot,439628
686,Customer 686,6164180071,Address 686,Surat,380009
687,Customer 687,6944301051,Address 687,Ahmedabad,396172
688,Customer 688,6744190131,Address 688,Bhavnagar,403342
689,Customer 689,6991999306,Address 689,Ahmedabad,407031
690,Customer 690,6733830783,Address 690,Bhavnagar,381632
691,Customer 691,6903283207,Address 691,Rajkot,439161
692,Customer 692,6087234368,Address 692,Bhavnagar,431582
693,Customer 693,6255230455,Address 693,Vadodara,426610
694,Customer 694,6818925978,Address 694,Ahmedabad,397804
695,Customer 695,6668189504,Address 695,Ahmedabad,390174
697,Customer 697,6517877310,Address 697,Surat,403130
698,Customer 698,6798918970,Address 698,Vadodara,431310
699,Customer 699,6188383191,Address 699,Surat,403606
700,Customer 700,6871423895,Address 700,Surat,423903
701,Customer 701,6948412582,Address 701,Vadodara,401066
702,Customer 702,6119472968,Address 702,Rajkot,432677
703,Customer 703,6014452628,Address 703,Surat,391098
704,Customer 704,6422550385,Address 704,Rajkot,384046
705,Customer 705,6457572058,Address 705,Bhavnagar,387185
706,Customer 706,6088627181,Address 706,Bhavnagar,429986
707,Customer 707,6119813715,Address 707,Ahmedabad,385452
708,Customer 708,6874587757,Address 708,Bhavnagar,382905
709,Customer 709,6906496708,Address 709,Surat,393268
710,Customer 710,6004408947,Address 710,Rajkot,401637
711,Customer 711,6749556920,Address 711,Vadodara,400463
712,Customer 712,6232949345,Address 712,Bhavnagar,386878
713,Customer 713,6958977602,Address 713,Ahmedabad,426381
714,Customer 714,6118365986,Address 714,Ahmedabad,429648
715,Customer 715,6278026589,Address 715,Surat,415383
716,Customer 716,6659427156,Address 716,Surat,402041
717,Customer 717,6097120636,Address 717,Rajkot,391509
718,Customer 718,6406459808,Address 718,Rajkot,430935
719,Customer 719,6827555905,Address 719,Surat,420361
720,Customer 720,6780256066,Address 720,Ahmedabad,387033
721,Customer 721,6502838069,Address 721,Surat,417907
722,Customer 722,6849857834,Address 722,Surat,403502
723,Customer 723,6975198430,Address 723,Vadodara,401207
724,Customer 724,6200570145,Address 724,Rajkot,416615
725,Customer 725,6464294311,Address 725,Vadodara,436809
726,Customer 726,6619810683,Address 726,Ahmedabad,385316
727,Customer 727,6626989473,Address 727,Ahmedabad,385505
728,Customer 728,6013285461,Address 728,Bhavnagar,386152
729,Customer 729,6839398356,Address 729,Vadodara,401648
730,Customer 730,6089747073,Address 730,Rajkot,439422
731,Customer 731,6555036542,Address 731,Bhavnagar,408696
732,Customer 732,6280859744,Address 732,Surat,394629
733,Customer 733,6859371552,Address 733,Bhavnagar,398092
734,Customer 734,6225094766,Address 734,Bhavnagar,438410
735,Customer 735,6878982385,Address 735,Rajkot,402071
736,Customer 736,6437411615,Address 736,Bhavnagar,414451
737,Customer 737,6322194027,Address 737,Ahmedabad,386319
738,Customer 738,6774452099,Address 738,Vadodara,409908
739,Customer 739,6519255852,Address 739,Surat,400547
741,Customer 741,6299849599,Address 741,Bhavnagar,403224
742,Customer 742,6858570203,Address 742,Ahmedabad,406983
743,Customer 743,6369945001,Address 743,Bhavnagar,428615
744,Customer 744,6138483393,Address 744,Rajkot,406905
745,Customer 745,6229613523,Address 745,Surat,383556
746,Customer 746,6956489093,Address 746,Rajkot,382345
747,Customer 747,6125607752,Address 747,Rajkot,407313
748,Customer 748,6733239001,Address 748,Rajkot,432429
749,Customer 749,6903368921,Address 749,Rajkot,420279
750,Customer 750,6688030944,Address 750,Surat,408113
751,Customer 751,6719359996,Address 751,Rajkot,400088
752,Customer 752,6706280301,Address 752,Bhavnagar,428649
753,Customer 753,6091971281,Address 753,Surat,433744
754,Customer 754,6986570237,Address 754,Rajkot,404609
755,Customer 755,6129123093,Address 755,Rajkot,410998
757,Customer 757,6652419278,Address 757,Rajkot,394392
758,Customer 758,6105059828,Address 758,Ahmedabad,429761
759,Customer 759,6773754275,Address 759,Bhavnagar,384583
760,Customer 760,6677522533,Address 760,Bhavnagar,399349
761,Customer 761,6172417926,Address 761,Surat,423947
762,Customer 762,6095048784,Address 762,Rajkot,402053
764,Customer 764,6373656383,Address 764,Bhavnagar,411062
765,Customer 765,6177219573,Address 765,Rajkot,428573
766,Customer 766,6222692066,Address 766,Surat,392499
767,Customer 767,6852246369,Address 767,Surat,388500
768,Customer 768,6979186918,Address 768,Bhavnagar,395403
769,Customer 769,6436551214,Address 769,Surat,438535
770,Customer 770,6482889403,Address 770,Surat,436749
771,Customer 771,6522229153,Address 771,Surat,391081
772,Customer 772,6720547669,Address 772,Rajkot,386582
773,Customer 773,6594969440,Address 773,Surat,435117
774,Customer 774,6031048842,Address 774,Rajkot,409178
775,Customer 775,6360890674,Address 775,Bhavnagar,385623
776,Customer 776,6089673417,Address 776,Surat,383828
777,Customer 777,6390687061,Address 777,Vadodara,425404
778,Customer 778,6964678395,Address 778,Surat,387697
779,Customer 779,6124326647,Address 779,Surat,430107
780,Customer 780,6185163894,Address 780,Bhavnagar,383187
781,Customer 781,6386996813,Address 781,Ahmedabad,434574
782,Customer 782,6304314153,Address 782,Ahmedabad,399484
783,Customer 783,6291762444,Address 783,Surat,395515
784,Customer 784,6551981368,Address 784,Vadodara,434297
785,Customer 785,6166045813,Address 785,Rajkot,389272
786,Customer 786,6976466229,Address 786,Surat,401829
787,Customer 787,6462309298,Address 787,Ahmedabad,382386
788,Customer 788,6663250191,Address 788,Surat,432001
789,Customer 789,6135955265,Address 789,Ahmedabad,416499
790,Customer 790,6621864927,Address 790,Ahmedabad,436307
791,Customer 791,6903163123,Address 791,Surat,408543
792,Customer 792,6492628299,Address 792,Rajkot,400826
793,Customer 793,6146175069,Address 793,Rajkot,417198
794,Customer 794,6634771986,Address 794,Bhavnagar,387060
795,Customer 795,6027142773,Address 795,Ahmedabad,404955
796,Customer 796,6624712461,Address 796,Ahmedabad,425920
797,Customer 797,6612041556,Address 797,Rajkot,415792
798,Customer 798,6632568407,Address 798,Rajkot,394592
799,Customer 799,6282832690,Address 799,Ahmedabad,422129
800,Customer 800,6524013621,Address 800,Bhavnagar,426485
801,Customer 801,6300940878,Address 801,Rajkot,418200
802,Customer 802,6994989460,Address 802,Ahmedabad,422127
803,Customer 803,6894416465,Address 803,Surat,406313
804,Customer 804,6231776301,Address 804,Ahmedabad,408099
805,Customer 805,6988374006,Address 805,Rajkot,432891
807,Customer 807,6747079094,Address 807,Bhavnagar,414568
808,Customer 808,6694750151,Address 808,Ahmedabad,403446
809,Customer 809,6912283082,Address 809,Ahmedabad,437847
810,Customer 810,6082052538,Address 810,Rajkot,404225
811,Customer 811,6239086457,Address 811,Rajkot,422723
812,Customer 812,6983817728,Address 812,Surat,391542
814,Customer 814,6836757132,Address 814,Rajkot,434263
816,Customer 816,6298403375,Address 816,Rajkot,387290
817,Customer 817,6787518539,Address 817,Bhavnagar,407789
818,Customer 818,6575174291,Address 818,Surat,438992
819,Customer 819,6700683263,Address 819,Rajkot,434288
820,Customer 820,6481174654,Address 820,Surat,387556
821,Customer 821,6665055534,Address 821,Vadodara,411505
822,Customer 822,6736250938,Address 822,Bhavnagar,380654
823,Customer 823,6264855988,Address 823,Surat,410283
824,Customer 824,6122353191,Address 824,Rajkot,401523
825,Customer 825,6271922662,Address 825,Ahmedabad,385894
826,Customer 826,6916999079,Address 826,Surat,431507
827,Customer 827,6497911099,Address 827,Ahmedabad,400010
828,Customer 828,6341937234,Address 828,Surat,389338
829,Customer 829,6572840332,Address 829,Ahmedabad,430818
830,Customer 830,6799375779,Address 830,Ahmedabad,394088
831,Customer 831,6608920425,Address 831,Rajkot,395137
833,Customer 833,6278368296,Address 833,Surat,404949
834,Customer 834,6971334316,Address 834,Rajkot,419628
835,Customer 835,6859120839,Address 835,Surat,386046
836,Customer 836,6435786841,Address 836,Vadodara,432743
837,Customer 837,6822762734,Address 837,Bhavnagar,383817
838,Customer 838,6240238553,Address 838,Vadodara,420813
839,Customer 839,6212416925,Address 839,Surat,403978
840,Customer 840,6531301097,Address 840,Surat,406278
841,Customer 841,6099256184,Address 841,Bhavnagar,421691
842,Customer 842,6043791166,Address 842,Surat,429055
843,Customer 843,6906283217,Address 843,Bhavnagar,433640
844,Customer 844,6386314399,Address 844,Rajkot,385285
845,Customer 845,6412719569,Address 845,Ahmedabad,400245
846,Customer 846,6223324503,Address 846,Rajkot,407830
847,Customer 847,6866685713,Address 847,Bhavnagar,391334
848,Customer 848,6484220364,Address 848,Surat,415835
849,Customer 849,6461644677,Address 849,Rajkot,438265
850,Customer 850,6492385957,Address 850,Surat,424331
851,Customer 851,6471827995,Address 851,Ahmedabad,397626
852,Customer 852,6837951254,Address 852,Vadodara,434395
853,Customer 853,6814170260,Address 853,Rajkot,405874
854,Customer 854,6924808976,Address 854,Rajkot,393890
855,Customer 855,6011045692,Address 855,Bhavnagar,411007
856,Customer 856,6258706765,Address 856,Vadodara,412030
857,Customer 857,6231366555,Address 857,Vadodara,419239
858,Customer 858,6467011219,Address 858,Bhavnagar,407668
859,Customer 859,6804111112,Address 859,Bhavnagar,401279
860,Customer 860,6887683514,Address 860,Rajkot,431332
861,Customer 861,6686347467,Address 861,Ahmedabad,427057
862,Customer 862,6205285440,Address 862,Vadodara,424928
863,Customer 863,6209513103,Address 863,Rajkot,425066
864,Customer 864,6420856364,Address 864,Surat,405226
865,Customer 865,6349921681,Address 865,Bhavnagar,419510
866,Customer 866,6919707512,Address 866,Ahmedabad,437927
867,Customer 867,6814037645,Address 867,Rajkot,391280
868,Customer 868,6475826904,Address 868,Bhavnagar,401442
869,Customer 869,6221474125,Address 869,Rajkot,434902
870,Customer 870,6335514003,Address 870,Vadodara,436983
871,Customer 871,6413923539,Address 871,Bhavnagar,410060
872,Customer 872,6504187710,Address 872,Vadodara,393712
873,Customer 873,6289094991,Address 873,Bhavnagar,403831
874,Customer 874,6974300112,Address 874,Ahmedabad,380165
875,Customer 875,6410508632,Address 875,Rajkot,427166
876,Customer 876,6932870735,Address 876,Surat,409502
877,Customer 877,6872524694,Address 877,Ahmedabad,390430
878,Customer 878,6202138581,Address 878,Rajkot,385394
879,Customer 879,6715303810,Address 879,Rajkot,434662
880,Customer 880,6925159608,Address 880,Ahmedabad,380813
882,Customer 882,6936215305,Address 882,Bhavnagar,426471
883,Customer 883,6418185259,Address 883,Bhavnagar,402093
884,Customer 884,6087276011,Address 884,Ahmedabad,403247
885,Customer 885,6399680314,Address 885,Rajkot,429397
886,Customer 886,6342733045,Address 886,Vadodara,414026
887,Customer 887,6643497571,Address 887,Surat,380724
888,Customer 888,6969813685,Address 888,Ahmedabad,422768
889,Customer 889,6021160901,Address 889,Bhavnagar,395996
890,Customer 890,6286779352,Address 890,Ahmedabad,408306
891,Customer 891,6601210771,Address 891,Bhavnagar,386211
892,Customer 892,6764046033,Address 892,Ahmedabad,382664
893,Customer 893,6187509144,Address 893,Vadodara,400804
894,Customer 894,6279268304,Address 894,Vadodara,412463
895,Customer 895,6302681409,Address 895,Rajkot,434774
896,Customer 896,6511489903,Address 896,Surat,384369
897,Customer 897,6367451086,Address 897,Surat,415075
898,Customer 898,6842016458,Address 898,Bhavnagar,407280
899,Customer 899,6133268082,Address 899,Ahmedabad,381181
900,Customer 900,6759712705,Address 900,Vadodara,401121
901,Customer 901,6164205436,Address 901,Bhavnagar,430489
902,Customer 902,6320097302,Address 902,Rajkot,405144
903,Customer 903,6056939002,Address 903,Bhavnagar,404377
904,Customer 904,6018031168,Address 904,Vadodara,410501
905,Customer 905,6551958921,Address 905,Rajkot,382445
906,Customer 906,6473166729,Address 906,Vadodara,393730
907,Customer 907,6279769758,Address 907,Bhavnagar,393615
908,Customer 908,6104452989,Address 908,Rajkot,420446
909,Customer 909,6999194626,Address 909,Rajkot,386771
910,Customer 910,6386246565,Address 910,Ahmedabad,420900
911,Customer 911,6524282889,Address 911,Ahmedabad,406174
912,Customer 912,6233016993,Address 912,Vadodara,432159
913,Customer 913,6404682731,Address 913,Vadodara,414894
914,Customer 914,6795078062,Address 914,Ahmedabad,404333
915,Customer 915,6748583581,Address 915,Surat,415713
916,Customer 916,6837574143,Address 916,Bhavnagar,381027
917,Customer 917,6189268797,Address 917,Bhavnagar,432192
918,Customer 918,6040233968,Address 918,Vadodara,431893
919,Customer 919,6398302241,Address 919,Surat,392755
920,Customer 920,6267643026,Address 920,Surat,410099
921,Customer 921,6623204430,Address 921,Rajkot,386798
922,Customer 922,6929111282,Address 922,Vadodara,435516
923,Customer 923,6711327229,Address 923,Vadodara,428194
924,Customer 924,6019186546,Address 924,Vadodara,380460
925,Customer 925,6093287503,Address 925,Vadodara,423281
926,Customer 926,6141470476,Address 926,Bhavnagar,381593
927,Customer 927,6811718214,Address 927,Surat,433756
928,Customer 928,6803288984,Address 928,Surat,427918
929,Customer 929,6995970495,Address 929,Ahmedabad,400323
931,Customer 931,6687050050,Address 931,Vadodara,422612
932,Customer 932,6941172576,Address 932,Surat,406691
933,Customer 933,6532286338,Address 933,Surat,395415
934,Customer 934,6116796731,Address 934,Bhavnagar,420718
935,Customer 935,6991580139,Address 935,Surat,415444
936,Customer 936,6386539601,Address 936,Rajkot,435203
937,Customer 937,6182150515,Address 937,Ahmedabad,410274
938,Customer 938,6065146660,Address 938,Rajkot,381560
939,Customer 939,6714874996,Address 939,Rajkot,419416
940,Customer 940,6987186134,Address 940,Bhavnagar,392427
941,Customer 941,6018390763,Address 941,Rajkot,390170
942,Customer 942,6541170862,Address 942,Surat,405590
943,Customer 943,6332100414,Address 943,Ahmedabad,422153
944,Customer 944,6753287910,Address 944,Surat,435281
945,Customer 945,6991662520,Address 945,Vadodara,438750
946,Customer 946,6123155099,Address 946,Bhavnagar,426118
947,Customer 947,6024804780,Address 947,Surat,436215
948,Customer 948,6611652998,Address 948,Bhavnagar,385290
949,Customer 949,6876154868,Address 949,Vadodara,383528
950,Customer 950,6535994986,Address 950,Bhavnagar,406205
951,Customer 951,6877480453,Address 951,Ahmedabad,402767
952,Customer 952,6162986603,Address 952,Surat,386591
954,Customer 954,6149875874,Address 954,Rajkot,396351
955,Customer 955,6097454454,Address 955,Bhavnagar,403747
956,Customer 956,6701175305,Address 956,Bhavnagar,408040
957,Customer 957,6357380616,Address 957,Ahmedabad,393602
958,Customer 958,6747445158,Address 958,Vadodara,439034
959,Customer 959,6069586024,Address 959,Vadodara,402953
960,Customer 960,6447222990,Address 960,Vadodara,413263
961,Customer 961,6541890688,Address 961,Bhavnagar,436449
962,Customer 962,6945215992,Address 962,Vadodara,436400
963,Customer 963,6100943527,Address 963,Surat,386236
964,Customer 964,6672560671,Address 964,Surat,386311
965,Customer 965,6958610675,Address 965,Ahmedabad,437499
966,Customer 966,6259308829,Address 966,Bhavnagar,385562
967,Customer 967,6280761380,Address 967,Vadodara,396770
968,Customer 968,6512856587,Address 968,Vadodara,397319
969,Customer 969,6038643172,Address 969,Ahmedabad,398950
970,Customer 970,6462904082,Address 970,Vadodara,399007
971,Customer 971,6581953466,Address 971,Rajkot,426776
973,Customer 973,6867485645,Address 973,Ahmedabad,429353
974,Customer 974,6477632265,Address 974,Rajkot,412768
975,Customer 975,6226704513,Address 975,Bhavnagar,397038
976,Customer 976,6899006070,Address 976,Vadodara,411783
977,Customer 977,6802133200,Address 977,Ahmedabad,435452
978,Customer 978,6334685087,Address 978,Ahmedabad,412897
979,Customer 979,6279473944,Address 979,Bhavnagar,416590
980,Customer 980,6994841515,Address 980,Rajkot,399031
981,Customer 981,6060565924,Address 981,Surat,420996
982,Customer 982,6366494357,Address 982,Rajkot,414278
983,Customer 983,6548129603,Address 983,Bhavnagar,405435
984,Customer 984,6266622125,Address 984,Surat,396700
985,Customer 985,6669054105,Address 985,Bhavnagar,389386
986,Customer 986,6804004268,Address 986,Rajkot,386480
987,Customer 987,6803551263,Address 987,Vadodara,414522
988,Customer 988,6792300318,Address 988,Vadodara,422934
989,Customer 989,6651985768,Address 989,Vadodara,397954
990,Customer 990,6266808865,Address 990,Ahmedabad,390365
991,Customer 991,6359111330,Address 991,Surat,393746
992,Customer 992,6963407364,Address 992,Ahmedabad,387877
993,Customer 993,6608519398,Address 993,Rajkot,410881
994,Customer 994,6624706468,Address 994,Rajkot,384952
995,Customer 995,6901696106,Address 995,Surat,429312
996,Customer 996,6962060841,Address 996,Vadodara,391966
997,Customer 997,6247868420,Address 997,Surat,404685
998,Customer 998,6543884607,Address 998,Rajkot,391479
999,Customer 999,6831783682,Address 999,Vadodara,394912
1000,Customer 1000,6613241861,Address 1000,Ahmedabad,394731
